Earphone,Keyboard,Microphone,Microphone,Mousepad,Spliter
Earphone,Keyboard,Microphone,Microphone,Mousepad,Spliter
Earphone,Keyboard,Microphone,Microphone,Mousepad,Spliter
Earphone,Keyboard,Microphone,Microphone,Mousepad,Spliter
Earphone,Keyboard,Microphone,Microphone,Mousepad,Spliter
Diskonkey,Extender,Hdmicable,Speaker,Tablet,Tablet
Diskonkey,Extender,Hdmicable,Speaker,Tablet,Tablet
Diskonkey,Extender,Hdmicable,Speaker,Tablet,Tablet
Diskonkey,Extender,Hdmicable,Speaker,Tablet,Tablet
Diskonkey,Extender,Hdmicable,Speaker,Tablet,Tablet
Computer,Keyboard,Speaker,TV
Computer,Keyboard,Speaker,TV
Computer,Keyboard,Speaker,TV
Computer,Keyboard,Speaker,TV
Computer,Keyboard,Speaker,TV
Computer,Extender,Smartwatch,Spliter,TV
Computer,Extender,Smartwatch,Spliter,TV
Computer,Extender,Smartwatch,Spliter,TV
Computer,Extender,Smartwatch,Spliter,TV
Computer,Extender,Smartwatch,Spliter,TV
Auxcable,Hdmicable,Headphone,Microphone,Mouse,Mousepad,Speaker,Spliter
Auxcable,Hdmicable,Headphone,Microphone,Mouse,Mousepad,Speaker,Spliter
Auxcable,Hdmicable,Headphone,Microphone,Mouse,Mousepad,Speaker,Spliter
Auxcable,Hdmicable,Headphone,Microphone,Mouse,Mousepad,Speaker,Spliter
Auxcable,Hdmicable,Headphone,Microphone,Mouse,Mousepad,Speaker,Spliter
Hdmicable,Headphone,Keyboard,Microphone,Mouse,Mousepad,Tablet,screen
Hdmicable,Headphone,Keyboard,Microphone,Mouse,Mousepad,Tablet,screen
Hdmicable,Headphone,Keyboard,Microphone,Mouse,Mousepad,Tablet,screen
Hdmicable,Headphone,Keyboard,Microphone,Mouse,Mousepad,Tablet,screen
Hdmicable,Headphone,Keyboard,Microphone,Mouse,Mousepad,Tablet,screen
Computer,Computer,Diskonkey,Keyboard,Phone,Smartwatch,Speaker,screen
Computer,Computer,Diskonkey,Keyboard,Phone,Smartwatch,Speaker,screen
Computer,Computer,Diskonkey,Keyboard,Phone,Smartwatch,Speaker,screen
Computer,Computer,Diskonkey,Keyboard,Phone,Smartwatch,Speaker,screen
Computer,Computer,Diskonkey,Keyboard,Phone,Smartwatch,Speaker,screen
Keyboard,Keyboard,Mousepad,Smartwatch,TV
Keyboard,Keyboard,Mousepad,Smartwatch,TV
Keyboard,Keyboard,Mousepad,Smartwatch,TV
Keyboard,Keyboard,Mousepad,Smartwatch,TV
Keyboard,Keyboard,Mousepad,Smartwatch,TV
Earphone
Earphone
Earphone
Earphone
Earphone
Auxcable,Diskonkey,Keyboard,Keyboard,Microphone,Microphone,Smartwatch,Smartwatch,Spliter,Xbox
Auxcable,Diskonkey,Keyboard,Keyboard,Microphone,Microphone,Smartwatch,Smartwatch,Spliter,Xbox
Auxcable,Diskonkey,Keyboard,Keyboard,Microphone,Microphone,Smartwatch,Smartwatch,Spliter,Xbox
Auxcable,Diskonkey,Keyboard,Keyboard,Microphone,Microphone,Smartwatch,Smartwatch,Spliter,Xbox
Auxcable,Diskonkey,Keyboard,Keyboard,Microphone,Microphone,Smartwatch,Smartwatch,Spliter,Xbox
Computer
Computer
Computer
Computer
Computer
screen
screen
screen
screen
screen
Computer,Diskonkey,Headphone,Keyboard,Mouse,Phone,TV,TV,screen
Computer,Diskonkey,Headphone,Keyboard,Mouse,Phone,TV,TV,screen
Computer,Diskonkey,Headphone,Keyboard,Mouse,Phone,TV,TV,screen
Computer,Diskonkey,Headphone,Keyboard,Mouse,Phone,TV,TV,screen
Computer,Diskonkey,Headphone,Keyboard,Mouse,Phone,TV,TV,screen
Diskonkey,Extender,Phonecharger,Xbox
Diskonkey,Extender,Phonecharger,Xbox
Diskonkey,Extender,Phonecharger,Xbox
Diskonkey,Extender,Phonecharger,Xbox
Diskonkey,Extender,Phonecharger,Xbox
Hdmicable,Hdmicable,Microphone,Phone,Smartwatch,Smartwatch,Spliter,TV
Hdmicable,Hdmicable,Microphone,Phone,Smartwatch,Smartwatch,Spliter,TV
Hdmicable,Hdmicable,Microphone,Phone,Smartwatch,Smartwatch,Spliter,TV
Hdmicable,Hdmicable,Microphone,Phone,Smartwatch,Smartwatch,Spliter,TV
Hdmicable,Hdmicable,Microphone,Phone,Smartwatch,Smartwatch,Spliter,TV
Keyboard
Keyboard
Keyboard
Keyboard
Keyboard
Auxcable,Computer,Diskonkey,Extender,Microphone,Smartwatch,Speaker,TV
Auxcable,Computer,Diskonkey,Extender,Microphone,Smartwatch,Speaker,TV
Auxcable,Computer,Diskonkey,Extender,Microphone,Smartwatch,Speaker,TV
Auxcable,Computer,Diskonkey,Extender,Microphone,Smartwatch,Speaker,TV
Auxcable,Computer,Diskonkey,Extender,Microphone,Smartwatch,Speaker,TV
Auxcable,Auxcable,Mouse
Auxcable,Auxcable,Mouse
Auxcable,Auxcable,Mouse
Auxcable,Auxcable,Mouse
Auxcable,Auxcable,Mouse
Xbox
Xbox
Xbox
Xbox
Xbox
Diskonkey,Extender,Microphone,Mouse,TV,Tablet,Tablet,Xbox,screen
Diskonkey,Extender,Microphone,Mouse,TV,Tablet,Tablet,Xbox,screen
Diskonkey,Extender,Microphone,Mouse,TV,Tablet,Tablet,Xbox,screen
Diskonkey,Extender,Microphone,Mouse,TV,Tablet,Tablet,Xbox,screen
Diskonkey,Extender,Microphone,Mouse,TV,Tablet,Tablet,Xbox,screen
Auxcable,Auxcable,Auxcable,Computer,Phonecharger,Smartwatch,Tablet
Auxcable,Auxcable,Auxcable,Computer,Phonecharger,Smartwatch,Tablet
Auxcable,Auxcable,Auxcable,Computer,Phonecharger,Smartwatch,Tablet
Auxcable,Auxcable,Auxcable,Computer,Phonecharger,Smartwatch,Tablet
Auxcable,Auxcable,Auxcable,Computer,Phonecharger,Smartwatch,Tablet
Earphone,Earphone,Hdmicable,Headphone
Earphone,Earphone,Hdmicable,Headphone
Earphone,Earphone,Hdmicable,Headphone
Earphone,Earphone,Hdmicable,Headphone
Earphone,Earphone,Hdmicable,Headphone
Auxcable,Extender,Extender,Hdmicable,Smartwatch,Speaker,Spliter,Xbox,screen
Auxcable,Extender,Extender,Hdmicable,Smartwatch,Speaker,Spliter,Xbox,screen
Auxcable,Extender,Extender,Hdmicable,Smartwatch,Speaker,Spliter,Xbox,screen
Auxcable,Extender,Extender,Hdmicable,Smartwatch,Speaker,Spliter,Xbox,screen
Auxcable,Extender,Extender,Hdmicable,Smartwatch,Speaker,Spliter,Xbox,screen
Earphone,Headphone,Microphone
Earphone,Headphone,Microphone
Earphone,Headphone,Microphone
Earphone,Headphone,Microphone
Earphone,Headphone,Microphone
Earphone,Headphone,Smartwatch,Speaker
Earphone,Headphone,Smartwatch,Speaker
Earphone,Headphone,Smartwatch,Speaker
Earphone,Headphone,Smartwatch,Speaker
Earphone,Headphone,Smartwatch,Speaker
Auxcable,Keyboard,Mouse,Phonecharger,TV,Tablet,Xbox,Xbox
Auxcable,Keyboard,Mouse,Phonecharger,TV,Tablet,Xbox,Xbox
Auxcable,Keyboard,Mouse,Phonecharger,TV,Tablet,Xbox,Xbox
Auxcable,Keyboard,Mouse,Phonecharger,TV,Tablet,Xbox,Xbox
Auxcable,Keyboard,Mouse,Phonecharger,TV,Tablet,Xbox,Xbox
Auxcable,Auxcable,Diskonkey,Extender,Keyboard,Microphone,Microphone,TV,screen,screen
Auxcable,Auxcable,Diskonkey,Extender,Keyboard,Microphone,Microphone,TV,screen,screen
Auxcable,Auxcable,Diskonkey,Extender,Keyboard,Microphone,Microphone,TV,screen,screen
Auxcable,Auxcable,Diskonkey,Extender,Keyboard,Microphone,Microphone,TV,screen,screen
Auxcable,Auxcable,Diskonkey,Extender,Keyboard,Microphone,Microphone,TV,screen,screen
Earphone,Headphone,Mousepad
Earphone,Headphone,Mousepad
Earphone,Headphone,Mousepad
Earphone,Headphone,Mousepad
Earphone,Headphone,Mousepad
Phone,TV
Phone,TV
Phone,TV
Phone,TV
Phone,TV
Extender,Phone
Extender,Phone
Extender,Phone
Extender,Phone
Extender,Phone
Auxcable,Diskonkey,Extender,Microphone,Phonecharger,TV,TV,Tablet
Auxcable,Diskonkey,Extender,Microphone,Phonecharger,TV,TV,Tablet
Auxcable,Diskonkey,Extender,Microphone,Phonecharger,TV,TV,Tablet
Auxcable,Diskonkey,Extender,Microphone,Phonecharger,TV,TV,Tablet
Auxcable,Diskonkey,Extender,Microphone,Phonecharger,TV,TV,Tablet
Auxcable,Diskonkey,Earphone,Headphone,Phonecharger,Speaker,screen
Auxcable,Diskonkey,Earphone,Headphone,Phonecharger,Speaker,screen
Auxcable,Diskonkey,Earphone,Headphone,Phonecharger,Speaker,screen
Auxcable,Diskonkey,Earphone,Headphone,Phonecharger,Speaker,screen
Auxcable,Diskonkey,Earphone,Headphone,Phonecharger,Speaker,screen
Diskonkey,Phonecharger
Diskonkey,Phonecharger
Diskonkey,Phonecharger
Diskonkey,Phonecharger
Diskonkey,Phonecharger
Earphone,Extender,Smartwatch,Tablet,screen
Earphone,Extender,Smartwatch,Tablet,screen
Earphone,Extender,Smartwatch,Tablet,screen
Earphone,Extender,Smartwatch,Tablet,screen
Earphone,Extender,Smartwatch,Tablet,screen
Headphone,Headphone,Keyboard,Mouse,Spliter,TV,TV,Xbox
Headphone,Headphone,Keyboard,Mouse,Spliter,TV,TV,Xbox
Headphone,Headphone,Keyboard,Mouse,Spliter,TV,TV,Xbox
Headphone,Headphone,Keyboard,Mouse,Spliter,TV,TV,Xbox
Headphone,Headphone,Keyboard,Mouse,Spliter,TV,TV,Xbox
Extender
Extender
Extender
Extender
Extender
Headphone,Headphone,Xbox
Headphone,Headphone,Xbox
Headphone,Headphone,Xbox
Headphone,Headphone,Xbox
Headphone,Headphone,Xbox
Earphone,Phone,Tablet
Earphone,Phone,Tablet
Earphone,Phone,Tablet
Earphone,Phone,Tablet
Earphone,Phone,Tablet
Auxcable,Auxcable,Computer,Headphone,Phonecharger,Smartwatch,Spliter,Tablet
Auxcable,Auxcable,Computer,Headphone,Phonecharger,Smartwatch,Spliter,Tablet
Auxcable,Auxcable,Computer,Headphone,Phonecharger,Smartwatch,Spliter,Tablet
Auxcable,Auxcable,Computer,Headphone,Phonecharger,Smartwatch,Spliter,Tablet
Auxcable,Auxcable,Computer,Headphone,Phonecharger,Smartwatch,Spliter,Tablet
Earphone,Extender,Speaker
Earphone,Extender,Speaker
Earphone,Extender,Speaker
Earphone,Extender,Speaker
Earphone,Extender,Speaker
Computer,Phonecharger,TV
Computer,Phonecharger,TV
Computer,Phonecharger,TV
Computer,Phonecharger,TV
Computer,Phonecharger,TV
Microphone,Spliter,TV,TV
Microphone,Spliter,TV,TV
Microphone,Spliter,TV,TV
Microphone,Spliter,TV,TV
Microphone,Spliter,TV,TV
Diskonkey,Diskonkey,Diskonkey,Earphone,Extender,Extender,Mouse,Smartwatch,Speaker,Spliter
Diskonkey,Diskonkey,Diskonkey,Earphone,Extender,Extender,Mouse,Smartwatch,Speaker,Spliter
Diskonkey,Diskonkey,Diskonkey,Earphone,Extender,Extender,Mouse,Smartwatch,Speaker,Spliter
Diskonkey,Diskonkey,Diskonkey,Earphone,Extender,Extender,Mouse,Smartwatch,Speaker,Spliter
Diskonkey,Diskonkey,Diskonkey,Earphone,Extender,Extender,Mouse,Smartwatch,Speaker,Spliter
Earphone,Hdmicable,Headphone,Keyboard,Microphone,Phonecharger,Phonecharger,Speaker,TV,screen
Earphone,Hdmicable,Headphone,Keyboard,Microphone,Phonecharger,Phonecharger,Speaker,TV,screen
Earphone,Hdmicable,Headphone,Keyboard,Microphone,Phonecharger,Phonecharger,Speaker,TV,screen
Earphone,Hdmicable,Headphone,Keyboard,Microphone,Phonecharger,Phonecharger,Speaker,TV,screen
Earphone,Hdmicable,Headphone,Keyboard,Microphone,Phonecharger,Phonecharger,Speaker,TV,screen
Extender,Mousepad,screen
Extender,Mousepad,screen
Extender,Mousepad,screen
Extender,Mousepad,screen
Extender,Mousepad,screen
Hdmicable,Phonecharger
Hdmicable,Phonecharger
Hdmicable,Phonecharger
Hdmicable,Phonecharger
Hdmicable,Phonecharger
Extender,Microphone,Mousepad,Mousepad,Spliter,screen
Extender,Microphone,Mousepad,Mousepad,Spliter,screen
Extender,Microphone,Mousepad,Mousepad,Spliter,screen
Extender,Microphone,Mousepad,Mousepad,Spliter,screen
Extender,Microphone,Mousepad,Mousepad,Spliter,screen
Auxcable,Phonecharger,Speaker,Speaker,Speaker,Speaker,Spliter,Tablet
Auxcable,Phonecharger,Speaker,Speaker,Speaker,Speaker,Spliter,Tablet
Auxcable,Phonecharger,Speaker,Speaker,Speaker,Speaker,Spliter,Tablet
Auxcable,Phonecharger,Speaker,Speaker,Speaker,Speaker,Spliter,Tablet
Auxcable,Phonecharger,Speaker,Speaker,Speaker,Speaker,Spliter,Tablet
Keyboard,Mouse,Tablet
Keyboard,Mouse,Tablet
Keyboard,Mouse,Tablet
Keyboard,Mouse,Tablet
Keyboard,Mouse,Tablet
Headphone,Headphone,Phone,screen
Headphone,Headphone,Phone,screen
Headphone,Headphone,Phone,screen
Headphone,Headphone,Phone,screen
Headphone,Headphone,Phone,screen
Auxcable,Headphone,Mouse,Phone,Phonecharger,Xbox
Auxcable,Headphone,Mouse,Phone,Phonecharger,Xbox
Auxcable,Headphone,Mouse,Phone,Phonecharger,Xbox
Auxcable,Headphone,Mouse,Phone,Phonecharger,Xbox
Auxcable,Headphone,Mouse,Phone,Phonecharger,Xbox
Earphone,Headphone,Mousepad,TV,Tablet,Xbox,Xbox,screen
Earphone,Headphone,Mousepad,TV,Tablet,Xbox,Xbox,screen
Earphone,Headphone,Mousepad,TV,Tablet,Xbox,Xbox,screen
Earphone,Headphone,Mousepad,TV,Tablet,Xbox,Xbox,screen
Earphone,Headphone,Mousepad,TV,Tablet,Xbox,Xbox,screen
Extender,Speaker,Tablet
Extender,Speaker,Tablet
Extender,Speaker,Tablet
Extender,Speaker,Tablet
Extender,Speaker,Tablet
Phonecharger,Tablet
Phonecharger,Tablet
Phonecharger,Tablet
Phonecharger,Tablet
Phonecharger,Tablet
Extender,Hdmicable,Headphone,Spliter,TV
Extender,Hdmicable,Headphone,Spliter,TV
Extender,Hdmicable,Headphone,Spliter,TV
Extender,Hdmicable,Headphone,Spliter,TV
Extender,Hdmicable,Headphone,Spliter,TV
Diskonkey,Hdmicable,Xbox,screen
Diskonkey,Hdmicable,Xbox,screen
Diskonkey,Hdmicable,Xbox,screen
Diskonkey,Hdmicable,Xbox,screen
Diskonkey,Hdmicable,Xbox,screen
Phonecharger,Smartwatch
Phonecharger,Smartwatch
Phonecharger,Smartwatch
Phonecharger,Smartwatch
Phonecharger,Smartwatch
Hdmicable
Hdmicable
Hdmicable
Hdmicable
Hdmicable
Hdmicable,Headphone,Keyboard,Microphone,Mouse,Mouse,Mousepad,Xbox,Xbox
Hdmicable,Headphone,Keyboard,Microphone,Mouse,Mouse,Mousepad,Xbox,Xbox
Hdmicable,Headphone,Keyboard,Microphone,Mouse,Mouse,Mousepad,Xbox,Xbox
Hdmicable,Headphone,Keyboard,Microphone,Mouse,Mouse,Mousepad,Xbox,Xbox
Hdmicable,Headphone,Keyboard,Microphone,Mouse,Mouse,Mousepad,Xbox,Xbox
Computer,Computer,Mousepad,Phone,Smartwatch,TV,Xbox
Computer,Computer,Mousepad,Phone,Smartwatch,TV,Xbox
Computer,Computer,Mousepad,Phone,Smartwatch,TV,Xbox
Computer,Computer,Mousepad,Phone,Smartwatch,TV,Xbox
Computer,Computer,Mousepad,Phone,Smartwatch,TV,Xbox
Auxcable,Computer,Earphone,Mousepad,Smartwatch,Speaker,Spliter,TV,Tablet,Xbox
Auxcable,Computer,Earphone,Mousepad,Smartwatch,Speaker,Spliter,TV,Tablet,Xbox
Auxcable,Computer,Earphone,Mousepad,Smartwatch,Speaker,Spliter,TV,Tablet,Xbox
Auxcable,Computer,Earphone,Mousepad,Smartwatch,Speaker,Spliter,TV,Tablet,Xbox
Auxcable,Computer,Earphone,Mousepad,Smartwatch,Speaker,Spliter,TV,Tablet,Xbox
Diskonkey,Microphone,Mouse,Mousepad,TV,TV
Diskonkey,Microphone,Mouse,Mousepad,TV,TV
Diskonkey,Microphone,Mouse,Mousepad,TV,TV
Diskonkey,Microphone,Mouse,Mousepad,TV,TV
Diskonkey,Microphone,Mouse,Mousepad,TV,TV
Auxcable,Diskonkey,Headphone,Mouse,Mousepad,Phonecharger,screen
Auxcable,Diskonkey,Headphone,Mouse,Mousepad,Phonecharger,screen
Auxcable,Diskonkey,Headphone,Mouse,Mousepad,Phonecharger,screen
Auxcable,Diskonkey,Headphone,Mouse,Mousepad,Phonecharger,screen
Auxcable,Diskonkey,Headphone,Mouse,Mousepad,Phonecharger,screen
Extender,Extender,Hdmicable,Spliter,Spliter,screen
Extender,Extender,Hdmicable,Spliter,Spliter,screen
Extender,Extender,Hdmicable,Spliter,Spliter,screen
Extender,Extender,Hdmicable,Spliter,Spliter,screen
Extender,Extender,Hdmicable,Spliter,Spliter,screen
Earphone,Extender,Hdmicable,Phone,Phonecharger,Spliter,TV
Earphone,Extender,Hdmicable,Phone,Phonecharger,Spliter,TV
Earphone,Extender,Hdmicable,Phone,Phonecharger,Spliter,TV
Earphone,Extender,Hdmicable,Phone,Phonecharger,Spliter,TV
Earphone,Extender,Hdmicable,Phone,Phonecharger,Spliter,TV
Earphone,Earphone,Extender,Headphone,Mousepad,Speaker,TV,Tablet
Earphone,Earphone,Extender,Headphone,Mousepad,Speaker,TV,Tablet
Earphone,Earphone,Extender,Headphone,Mousepad,Speaker,TV,Tablet
Earphone,Earphone,Extender,Headphone,Mousepad,Speaker,TV,Tablet
Earphone,Earphone,Extender,Headphone,Mousepad,Speaker,TV,Tablet
Keyboard
Keyboard
Keyboard
Keyboard
Keyboard
Headphone,Headphone,Speaker,Xbox
Headphone,Headphone,Speaker,Xbox
Headphone,Headphone,Speaker,Xbox
Headphone,Headphone,Speaker,Xbox
Headphone,Headphone,Speaker,Xbox
Keyboard,Mouse,Phone
Keyboard,Mouse,Phone
Keyboard,Mouse,Phone
Keyboard,Mouse,Phone
Keyboard,Mouse,Phone
Auxcable,Hdmicable,Headphone,Mousepad,Spliter,TV
Auxcable,Hdmicable,Headphone,Mousepad,Spliter,TV
Auxcable,Hdmicable,Headphone,Mousepad,Spliter,TV
Auxcable,Hdmicable,Headphone,Mousepad,Spliter,TV
Auxcable,Hdmicable,Headphone,Mousepad,Spliter,TV
Hdmicable,Hdmicable,Mousepad,Tablet
Hdmicable,Hdmicable,Mousepad,Tablet
Hdmicable,Hdmicable,Mousepad,Tablet
Hdmicable,Hdmicable,Mousepad,Tablet
Hdmicable,Hdmicable,Mousepad,Tablet
Computer,Computer,Earphone,Keyboard,Phone,Phonecharger,Spliter,Tablet,Tablet,Tablet
Computer,Computer,Earphone,Keyboard,Phone,Phonecharger,Spliter,Tablet,Tablet,Tablet
Computer,Computer,Earphone,Keyboard,Phone,Phonecharger,Spliter,Tablet,Tablet,Tablet
Computer,Computer,Earphone,Keyboard,Phone,Phonecharger,Spliter,Tablet,Tablet,Tablet
Computer,Computer,Earphone,Keyboard,Phone,Phonecharger,Spliter,Tablet,Tablet,Tablet
Computer,Phone,TV
Computer,Phone,TV
Computer,Phone,TV
Computer,Phone,TV
Computer,Phone,TV
Computer,Phone,Phonecharger,Phonecharger,TV,Tablet
Computer,Phone,Phonecharger,Phonecharger,TV,Tablet
Computer,Phone,Phonecharger,Phonecharger,TV,Tablet
Computer,Phone,Phonecharger,Phonecharger,TV,Tablet
Computer,Phone,Phonecharger,Phonecharger,TV,Tablet
Auxcable,Computer,Earphone,Mousepad,Phone,Phonecharger,Smartwatch,TV
Auxcable,Computer,Earphone,Mousepad,Phone,Phonecharger,Smartwatch,TV
Auxcable,Computer,Earphone,Mousepad,Phone,Phonecharger,Smartwatch,TV
Auxcable,Computer,Earphone,Mousepad,Phone,Phonecharger,Smartwatch,TV
Auxcable,Computer,Earphone,Mousepad,Phone,Phonecharger,Smartwatch,TV
Headphone,Smartwatch,Speaker,Tablet
Headphone,Smartwatch,Speaker,Tablet
Headphone,Smartwatch,Speaker,Tablet
Headphone,Smartwatch,Speaker,Tablet
Headphone,Smartwatch,Speaker,Tablet
Diskonkey
Diskonkey
Diskonkey
Diskonkey
Diskonkey
Diskonkey,Headphone,Microphone,Speaker,Speaker,TV
Diskonkey,Headphone,Microphone,Speaker,Speaker,TV
Diskonkey,Headphone,Microphone,Speaker,Speaker,TV
Diskonkey,Headphone,Microphone,Speaker,Speaker,TV
Diskonkey,Headphone,Microphone,Speaker,Speaker,TV
Auxcable,Computer,Headphone,Speaker,Spliter,Xbox,screen
Auxcable,Computer,Headphone,Speaker,Spliter,Xbox,screen
Auxcable,Computer,Headphone,Speaker,Spliter,Xbox,screen
Auxcable,Computer,Headphone,Speaker,Spliter,Xbox,screen
Auxcable,Computer,Headphone,Speaker,Spliter,Xbox,screen
Mouse,Mousepad,Phone,Speaker
Mouse,Mousepad,Phone,Speaker
Mouse,Mousepad,Phone,Speaker
Mouse,Mousepad,Phone,Speaker
Mouse,Mousepad,Phone,Speaker
Earphone,Headphone,Mousepad,TV,Xbox
Earphone,Headphone,Mousepad,TV,Xbox
Earphone,Headphone,Mousepad,TV,Xbox
Earphone,Headphone,Mousepad,TV,Xbox
Earphone,Headphone,Mousepad,TV,Xbox
Auxcable,Extender,Headphone,Microphone,Smartwatch,screen
Auxcable,Extender,Headphone,Microphone,Smartwatch,screen
Auxcable,Extender,Headphone,Microphone,Smartwatch,screen
Auxcable,Extender,Headphone,Microphone,Smartwatch,screen
Auxcable,Extender,Headphone,Microphone,Smartwatch,screen
Diskonkey,Extender,Extender,Microphone,Mouse,Mousepad,Phone,Spliter
Diskonkey,Extender,Extender,Microphone,Mouse,Mousepad,Phone,Spliter
Diskonkey,Extender,Extender,Microphone,Mouse,Mousepad,Phone,Spliter
Diskonkey,Extender,Extender,Microphone,Mouse,Mousepad,Phone,Spliter
Diskonkey,Extender,Extender,Microphone,Mouse,Mousepad,Phone,Spliter
Computer,Xbox
Computer,Xbox
Computer,Xbox
Computer,Xbox
Computer,Xbox
Computer,Extender,Hdmicable,Microphone,Phone,Phone,Smartwatch,Xbox,screen
Computer,Extender,Hdmicable,Microphone,Phone,Phone,Smartwatch,Xbox,screen
Computer,Extender,Hdmicable,Microphone,Phone,Phone,Smartwatch,Xbox,screen
Computer,Extender,Hdmicable,Microphone,Phone,Phone,Smartwatch,Xbox,screen
Computer,Extender,Hdmicable,Microphone,Phone,Phone,Smartwatch,Xbox,screen
Auxcable,Earphone,Keyboard,Mousepad,Mousepad,Phone,Spliter,Xbox
Auxcable,Earphone,Keyboard,Mousepad,Mousepad,Phone,Spliter,Xbox
Auxcable,Earphone,Keyboard,Mousepad,Mousepad,Phone,Spliter,Xbox
Auxcable,Earphone,Keyboard,Mousepad,Mousepad,Phone,Spliter,Xbox
Auxcable,Earphone,Keyboard,Mousepad,Mousepad,Phone,Spliter,Xbox
Auxcable,Diskonkey,Extender,Headphone,Microphone,Mousepad,Mousepad,Phonecharger,Xbox
Auxcable,Diskonkey,Extender,Headphone,Microphone,Mousepad,Mousepad,Phonecharger,Xbox
Auxcable,Diskonkey,Extender,Headphone,Microphone,Mousepad,Mousepad,Phonecharger,Xbox
Auxcable,Diskonkey,Extender,Headphone,Microphone,Mousepad,Mousepad,Phonecharger,Xbox
Auxcable,Diskonkey,Extender,Headphone,Microphone,Mousepad,Mousepad,Phonecharger,Xbox
Mousepad,Smartwatch,Xbox
Mousepad,Smartwatch,Xbox
Mousepad,Smartwatch,Xbox
Mousepad,Smartwatch,Xbox
Mousepad,Smartwatch,Xbox
Computer,Headphone,Keyboard,Mousepad,Phone,Spliter,Tablet,Xbox,screen,screen
Computer,Headphone,Keyboard,Mousepad,Phone,Spliter,Tablet,Xbox,screen,screen
Computer,Headphone,Keyboard,Mousepad,Phone,Spliter,Tablet,Xbox,screen,screen
Computer,Headphone,Keyboard,Mousepad,Phone,Spliter,Tablet,Xbox,screen,screen
Computer,Headphone,Keyboard,Mousepad,Phone,Spliter,Tablet,Xbox,screen,screen
Auxcable,Diskonkey,Extender,Headphone,Keyboard,Mousepad,Mousepad,Speaker,Tablet
Auxcable,Diskonkey,Extender,Headphone,Keyboard,Mousepad,Mousepad,Speaker,Tablet
Auxcable,Diskonkey,Extender,Headphone,Keyboard,Mousepad,Mousepad,Speaker,Tablet
Auxcable,Diskonkey,Extender,Headphone,Keyboard,Mousepad,Mousepad,Speaker,Tablet
Auxcable,Diskonkey,Extender,Headphone,Keyboard,Mousepad,Mousepad,Speaker,Tablet
Diskonkey,Mouse,Mouse,Speaker,Tablet,Tablet,Xbox,Xbox
Diskonkey,Mouse,Mouse,Speaker,Tablet,Tablet,Xbox,Xbox
Diskonkey,Mouse,Mouse,Speaker,Tablet,Tablet,Xbox,Xbox
Diskonkey,Mouse,Mouse,Speaker,Tablet,Tablet,Xbox,Xbox
Diskonkey,Mouse,Mouse,Speaker,Tablet,Tablet,Xbox,Xbox
Auxcable,Extender,Extender,Microphone,Mousepad,Phonecharger,TV,Tablet,Tablet,Xbox
Auxcable,Extender,Extender,Microphone,Mousepad,Phonecharger,TV,Tablet,Tablet,Xbox
Auxcable,Extender,Extender,Microphone,Mousepad,Phonecharger,TV,Tablet,Tablet,Xbox
Auxcable,Extender,Extender,Microphone,Mousepad,Phonecharger,TV,Tablet,Tablet,Xbox
Auxcable,Extender,Extender,Microphone,Mousepad,Phonecharger,TV,Tablet,Tablet,Xbox
Computer,Diskonkey,Mousepad,Speaker,Spliter
Computer,Diskonkey,Mousepad,Speaker,Spliter
Computer,Diskonkey,Mousepad,Speaker,Spliter
Computer,Diskonkey,Mousepad,Speaker,Spliter
Computer,Diskonkey,Mousepad,Speaker,Spliter
Microphone,Mousepad,Mousepad,Smartwatch,Smartwatch
Microphone,Mousepad,Mousepad,Smartwatch,Smartwatch
Microphone,Mousepad,Mousepad,Smartwatch,Smartwatch
Microphone,Mousepad,Mousepad,Smartwatch,Smartwatch
Microphone,Mousepad,Mousepad,Smartwatch,Smartwatch
Auxcable
Auxcable
Auxcable
Auxcable
Auxcable
Diskonkey,Earphone,Headphone,Phone,Phonecharger
Diskonkey,Earphone,Headphone,Phone,Phonecharger
Diskonkey,Earphone,Headphone,Phone,Phonecharger
Diskonkey,Earphone,Headphone,Phone,Phonecharger
Diskonkey,Earphone,Headphone,Phone,Phonecharger
Diskonkey,Extender,Hdmicable,Hdmicable,Mouse,Phone,Phone,TV
Diskonkey,Extender,Hdmicable,Hdmicable,Mouse,Phone,Phone,TV
Diskonkey,Extender,Hdmicable,Hdmicable,Mouse,Phone,Phone,TV
Diskonkey,Extender,Hdmicable,Hdmicable,Mouse,Phone,Phone,TV
Diskonkey,Extender,Hdmicable,Hdmicable,Mouse,Phone,Phone,TV
Computer,Headphone,Phone,Phonecharger,Spliter
Computer,Headphone,Phone,Phonecharger,Spliter
Computer,Headphone,Phone,Phonecharger,Spliter
Computer,Headphone,Phone,Phonecharger,Spliter
Computer,Headphone,Phone,Phonecharger,Spliter
Auxcable,Extender,Hdmicable,Hdmicable,Phone,Speaker,Speaker,TV,Tablet
Auxcable,Extender,Hdmicable,Hdmicable,Phone,Speaker,Speaker,TV,Tablet
Auxcable,Extender,Hdmicable,Hdmicable,Phone,Speaker,Speaker,TV,Tablet
Auxcable,Extender,Hdmicable,Hdmicable,Phone,Speaker,Speaker,TV,Tablet
Auxcable,Extender,Hdmicable,Hdmicable,Phone,Speaker,Speaker,TV,Tablet
Computer,Hdmicable,Microphone,Phone,Phone,Speaker,Spliter,Spliter
Computer,Hdmicable,Microphone,Phone,Phone,Speaker,Spliter,Spliter
Computer,Hdmicable,Microphone,Phone,Phone,Speaker,Spliter,Spliter
Computer,Hdmicable,Microphone,Phone,Phone,Speaker,Spliter,Spliter
Computer,Hdmicable,Microphone,Phone,Phone,Speaker,Spliter,Spliter
Computer,Mouse,Spliter,Xbox,Xbox,screen
Computer,Mouse,Spliter,Xbox,Xbox,screen
Computer,Mouse,Spliter,Xbox,Xbox,screen
Computer,Mouse,Spliter,Xbox,Xbox,screen
Computer,Mouse,Spliter,Xbox,Xbox,screen
Auxcable,Computer,Hdmicable,Keyboard,Phone,Smartwatch,Spliter,Tablet
Auxcable,Computer,Hdmicable,Keyboard,Phone,Smartwatch,Spliter,Tablet
Auxcable,Computer,Hdmicable,Keyboard,Phone,Smartwatch,Spliter,Tablet
Auxcable,Computer,Hdmicable,Keyboard,Phone,Smartwatch,Spliter,Tablet
Auxcable,Computer,Hdmicable,Keyboard,Phone,Smartwatch,Spliter,Tablet
Diskonkey,Extender,Headphone,Phone,Phonecharger,Speaker,Speaker,Speaker,Speaker,Speaker
Diskonkey,Extender,Headphone,Phone,Phonecharger,Speaker,Speaker,Speaker,Speaker,Speaker
Diskonkey,Extender,Headphone,Phone,Phonecharger,Speaker,Speaker,Speaker,Speaker,Speaker
Diskonkey,Extender,Headphone,Phone,Phonecharger,Speaker,Speaker,Speaker,Speaker,Speaker
Diskonkey,Extender,Headphone,Phone,Phonecharger,Speaker,Speaker,Speaker,Speaker,Speaker
Phonecharger,Phonecharger,Phonecharger,Smartwatch,Tablet
Phonecharger,Phonecharger,Phonecharger,Smartwatch,Tablet
Phonecharger,Phonecharger,Phonecharger,Smartwatch,Tablet
Phonecharger,Phonecharger,Phonecharger,Smartwatch,Tablet
Phonecharger,Phonecharger,Phonecharger,Smartwatch,Tablet
Xbox
Xbox
Xbox
Xbox
Xbox
Headphone,Microphone
Headphone,Microphone
Headphone,Microphone
Headphone,Microphone
Headphone,Microphone
Computer,Extender,Extender,Extender,Mouse,Smartwatch,Speaker,Speaker,Tablet,Xbox
Computer,Extender,Extender,Extender,Mouse,Smartwatch,Speaker,Speaker,Tablet,Xbox
Computer,Extender,Extender,Extender,Mouse,Smartwatch,Speaker,Speaker,Tablet,Xbox
Computer,Extender,Extender,Extender,Mouse,Smartwatch,Speaker,Speaker,Tablet,Xbox
Computer,Extender,Extender,Extender,Mouse,Smartwatch,Speaker,Speaker,Tablet,Xbox
Diskonkey,Earphone,Earphone,Extender,Headphone,screen
Diskonkey,Earphone,Earphone,Extender,Headphone,screen
Diskonkey,Earphone,Earphone,Extender,Headphone,screen
Diskonkey,Earphone,Earphone,Extender,Headphone,screen
Diskonkey,Earphone,Earphone,Extender,Headphone,screen
Auxcable,Headphone,Phone,Xbox
Auxcable,Headphone,Phone,Xbox
Auxcable,Headphone,Phone,Xbox
Auxcable,Headphone,Phone,Xbox
Auxcable,Headphone,Phone,Xbox
Extender
Extender
Extender
Extender
Extender
Auxcable,Earphone,Earphone,Keyboard,Mouse,Mousepad,Phone
Auxcable,Earphone,Earphone,Keyboard,Mouse,Mousepad,Phone
Auxcable,Earphone,Earphone,Keyboard,Mouse,Mousepad,Phone
Auxcable,Earphone,Earphone,Keyboard,Mouse,Mousepad,Phone
Auxcable,Earphone,Earphone,Keyboard,Mouse,Mousepad,Phone
Headphone,Mousepad,Phone,Speaker,TV,Xbox,screen
Headphone,Mousepad,Phone,Speaker,TV,Xbox,screen
Headphone,Mousepad,Phone,Speaker,TV,Xbox,screen
Headphone,Mousepad,Phone,Speaker,TV,Xbox,screen
Headphone,Mousepad,Phone,Speaker,TV,Xbox,screen
Computer,Hdmicable,Mouse,Phonecharger
Computer,Hdmicable,Mouse,Phonecharger
Computer,Hdmicable,Mouse,Phonecharger
Computer,Hdmicable,Mouse,Phonecharger
Computer,Hdmicable,Mouse,Phonecharger
Auxcable,Computer,Earphone,Keyboard,Microphone,Smartwatch,Speaker,TV
Auxcable,Computer,Earphone,Keyboard,Microphone,Smartwatch,Speaker,TV
Auxcable,Computer,Earphone,Keyboard,Microphone,Smartwatch,Speaker,TV
Auxcable,Computer,Earphone,Keyboard,Microphone,Smartwatch,Speaker,TV
Auxcable,Computer,Earphone,Keyboard,Microphone,Smartwatch,Speaker,TV
Diskonkey,Extender,Hdmicable,Speaker
Diskonkey,Extender,Hdmicable,Speaker
Diskonkey,Extender,Hdmicable,Speaker
Diskonkey,Extender,Hdmicable,Speaker
Diskonkey,Extender,Hdmicable,Speaker
Earphone,Tablet,Xbox,screen
Earphone,Tablet,Xbox,screen
Earphone,Tablet,Xbox,screen
Earphone,Tablet,Xbox,screen
Earphone,Tablet,Xbox,screen
Extender,Hdmicable,Headphone,Smartwatch,Speaker,screen
Extender,Hdmicable,Headphone,Smartwatch,Speaker,screen
Extender,Hdmicable,Headphone,Smartwatch,Speaker,screen
Extender,Hdmicable,Headphone,Smartwatch,Speaker,screen
Extender,Hdmicable,Headphone,Smartwatch,Speaker,screen
Auxcable,Extender,Mousepad,Phone,Phonecharger,Speaker,TV,Tablet,Xbox
Auxcable,Extender,Mousepad,Phone,Phonecharger,Speaker,TV,Tablet,Xbox
Auxcable,Extender,Mousepad,Phone,Phonecharger,Speaker,TV,Tablet,Xbox
Auxcable,Extender,Mousepad,Phone,Phonecharger,Speaker,TV,Tablet,Xbox
Auxcable,Extender,Mousepad,Phone,Phonecharger,Speaker,TV,Tablet,Xbox
Earphone,Hdmicable,Keyboard,Microphone,Microphone,Mousepad,Spliter,TV
Earphone,Hdmicable,Keyboard,Microphone,Microphone,Mousepad,Spliter,TV
Earphone,Hdmicable,Keyboard,Microphone,Microphone,Mousepad,Spliter,TV
Earphone,Hdmicable,Keyboard,Microphone,Microphone,Mousepad,Spliter,TV
Earphone,Hdmicable,Keyboard,Microphone,Microphone,Mousepad,Spliter,TV
Microphone,Phonecharger,Smartwatch
Microphone,Phonecharger,Smartwatch
Microphone,Phonecharger,Smartwatch
Microphone,Phonecharger,Smartwatch
Microphone,Phonecharger,Smartwatch
Extender
Extender
Extender
Extender
Extender
Hdmicable
Hdmicable
Hdmicable
Hdmicable
Hdmicable
Microphone,Mousepad,Speaker,Spliter,Tablet,Xbox
Microphone,Mousepad,Speaker,Spliter,Tablet,Xbox
Microphone,Mousepad,Speaker,Spliter,Tablet,Xbox
Microphone,Mousepad,Speaker,Spliter,Tablet,Xbox
Microphone,Mousepad,Speaker,Spliter,Tablet,Xbox
Mouse
Mouse
Mouse
Mouse
Mouse
Computer,Diskonkey,Microphone,Microphone,Phone
Computer,Diskonkey,Microphone,Microphone,Phone
Computer,Diskonkey,Microphone,Microphone,Phone
Computer,Diskonkey,Microphone,Microphone,Phone
Computer,Diskonkey,Microphone,Microphone,Phone
Earphone,Keyboard,Phonecharger,TV
Earphone,Keyboard,Phonecharger,TV
Earphone,Keyboard,Phonecharger,TV
Earphone,Keyboard,Phonecharger,TV
Earphone,Keyboard,Phonecharger,TV
Headphone,Microphone,Microphone,Mouse,Mousepad,Tablet,Tablet,Xbox
Headphone,Microphone,Microphone,Mouse,Mousepad,Tablet,Tablet,Xbox
Headphone,Microphone,Microphone,Mouse,Mousepad,Tablet,Tablet,Xbox
Headphone,Microphone,Microphone,Mouse,Mousepad,Tablet,Tablet,Xbox
Headphone,Microphone,Microphone,Mouse,Mousepad,Tablet,Tablet,Xbox
Keyboard,Microphone,Smartwatch
Keyboard,Microphone,Smartwatch
Keyboard,Microphone,Smartwatch
Keyboard,Microphone,Smartwatch
Keyboard,Microphone,Smartwatch
Mousepad,Mousepad,Smartwatch,screen
Mousepad,Mousepad,Smartwatch,screen
Mousepad,Mousepad,Smartwatch,screen
Mousepad,Mousepad,Smartwatch,screen
Mousepad,Mousepad,Smartwatch,screen
Earphone,Mousepad,Phone,Phonecharger,Phonecharger,Spliter
Earphone,Mousepad,Phone,Phonecharger,Phonecharger,Spliter
Earphone,Mousepad,Phone,Phonecharger,Phonecharger,Spliter
Earphone,Mousepad,Phone,Phonecharger,Phonecharger,Spliter
Earphone,Mousepad,Phone,Phonecharger,Phonecharger,Spliter
Diskonkey,Extender,Smartwatch
Diskonkey,Extender,Smartwatch
Diskonkey,Extender,Smartwatch
Diskonkey,Extender,Smartwatch
Diskonkey,Extender,Smartwatch
Auxcable,Diskonkey,Hdmicable,Microphone,Tablet
Auxcable,Diskonkey,Hdmicable,Microphone,Tablet
Auxcable,Diskonkey,Hdmicable,Microphone,Tablet
Auxcable,Diskonkey,Hdmicable,Microphone,Tablet
Auxcable,Diskonkey,Hdmicable,Microphone,Tablet
Auxcable,Diskonkey,Keyboard,Microphone,Phone,Phonecharger,TV,Xbox,Xbox
Auxcable,Diskonkey,Keyboard,Microphone,Phone,Phonecharger,TV,Xbox,Xbox
Auxcable,Diskonkey,Keyboard,Microphone,Phone,Phonecharger,TV,Xbox,Xbox
Auxcable,Diskonkey,Keyboard,Microphone,Phone,Phonecharger,TV,Xbox,Xbox
Auxcable,Diskonkey,Keyboard,Microphone,Phone,Phonecharger,TV,Xbox,Xbox
Hdmicable,Keyboard
Hdmicable,Keyboard
Hdmicable,Keyboard
Hdmicable,Keyboard
Hdmicable,Keyboard
Diskonkey,Earphone,Extender,Microphone,Microphone,Mousepad,Phone,Phonecharger,Spliter
Diskonkey,Earphone,Extender,Microphone,Microphone,Mousepad,Phone,Phonecharger,Spliter
Diskonkey,Earphone,Extender,Microphone,Microphone,Mousepad,Phone,Phonecharger,Spliter
Diskonkey,Earphone,Extender,Microphone,Microphone,Mousepad,Phone,Phonecharger,Spliter
Diskonkey,Earphone,Extender,Microphone,Microphone,Mousepad,Phone,Phonecharger,Spliter
Diskonkey,Headphone,Mouse,Phonecharger,screen
Diskonkey,Headphone,Mouse,Phonecharger,screen
Diskonkey,Headphone,Mouse,Phonecharger,screen
Diskonkey,Headphone,Mouse,Phonecharger,screen
Diskonkey,Headphone,Mouse,Phonecharger,screen
Diskonkey,Earphone,Extender,Extender,Spliter,screen
Diskonkey,Earphone,Extender,Extender,Spliter,screen
Diskonkey,Earphone,Extender,Extender,Spliter,screen
Diskonkey,Earphone,Extender,Extender,Spliter,screen
Diskonkey,Earphone,Extender,Extender,Spliter,screen
Diskonkey,Headphone,Microphone,Microphone,Spliter
Diskonkey,Headphone,Microphone,Microphone,Spliter
Diskonkey,Headphone,Microphone,Microphone,Spliter
Diskonkey,Headphone,Microphone,Microphone,Spliter
Diskonkey,Headphone,Microphone,Microphone,Spliter
Earphone,Hdmicable,Hdmicable,Mouse,Phonecharger,Speaker,Xbox
Earphone,Hdmicable,Hdmicable,Mouse,Phonecharger,Speaker,Xbox
Earphone,Hdmicable,Hdmicable,Mouse,Phonecharger,Speaker,Xbox
Earphone,Hdmicable,Hdmicable,Mouse,Phonecharger,Speaker,Xbox
Earphone,Hdmicable,Hdmicable,Mouse,Phonecharger,Speaker,Xbox
Auxcable,Computer,Computer,Extender,Extender,Hdmicable,Headphone,Mouse,Spliter,Xbox
Auxcable,Computer,Computer,Extender,Extender,Hdmicable,Headphone,Mouse,Spliter,Xbox
Auxcable,Computer,Computer,Extender,Extender,Hdmicable,Headphone,Mouse,Spliter,Xbox
Auxcable,Computer,Computer,Extender,Extender,Hdmicable,Headphone,Mouse,Spliter,Xbox
Auxcable,Computer,Computer,Extender,Extender,Hdmicable,Headphone,Mouse,Spliter,Xbox
Earphone,Extender,Hdmicable,Headphone,Microphone,Microphone,Mousepad,Mousepad,screen
Earphone,Extender,Hdmicable,Headphone,Microphone,Microphone,Mousepad,Mousepad,screen
Earphone,Extender,Hdmicable,Headphone,Microphone,Microphone,Mousepad,Mousepad,screen
Earphone,Extender,Hdmicable,Headphone,Microphone,Microphone,Mousepad,Mousepad,screen
Earphone,Extender,Hdmicable,Headphone,Microphone,Microphone,Mousepad,Mousepad,screen
Earphone,Extender,Mouse,Phonecharger,Spliter
Earphone,Extender,Mouse,Phonecharger,Spliter
Earphone,Extender,Mouse,Phonecharger,Spliter
Earphone,Extender,Mouse,Phonecharger,Spliter
Earphone,Extender,Mouse,Phonecharger,Spliter
Diskonkey
Diskonkey
Diskonkey
Diskonkey
Diskonkey
Diskonkey,Earphone,Phone,Phonecharger,Smartwatch,TV,Tablet
Diskonkey,Earphone,Phone,Phonecharger,Smartwatch,TV,Tablet
Diskonkey,Earphone,Phone,Phonecharger,Smartwatch,TV,Tablet
Diskonkey,Earphone,Phone,Phonecharger,Smartwatch,TV,Tablet
Diskonkey,Earphone,Phone,Phonecharger,Smartwatch,TV,Tablet
Computer,Speaker,Spliter
Computer,Speaker,Spliter
Computer,Speaker,Spliter
Computer,Speaker,Spliter
Computer,Speaker,Spliter
Auxcable,Earphone,Earphone,Extender,Hdmicable,Hdmicable,Headphone,Speaker,Spliter,Xbox
Auxcable,Earphone,Earphone,Extender,Hdmicable,Hdmicable,Headphone,Speaker,Spliter,Xbox
Auxcable,Earphone,Earphone,Extender,Hdmicable,Hdmicable,Headphone,Speaker,Spliter,Xbox
Auxcable,Earphone,Earphone,Extender,Hdmicable,Hdmicable,Headphone,Speaker,Spliter,Xbox
Auxcable,Earphone,Earphone,Extender,Hdmicable,Hdmicable,Headphone,Speaker,Spliter,Xbox
Earphone,Mousepad,Smartwatch
Earphone,Mousepad,Smartwatch
Earphone,Mousepad,Smartwatch
Earphone,Mousepad,Smartwatch
Earphone,Mousepad,Smartwatch
Headphone,Headphone,Keyboard,Mousepad,Phone,Smartwatch,Smartwatch,TV,screen,screen
Headphone,Headphone,Keyboard,Mousepad,Phone,Smartwatch,Smartwatch,TV,screen,screen
Headphone,Headphone,Keyboard,Mousepad,Phone,Smartwatch,Smartwatch,TV,screen,screen
Headphone,Headphone,Keyboard,Mousepad,Phone,Smartwatch,Smartwatch,TV,screen,screen
Headphone,Headphone,Keyboard,Mousepad,Phone,Smartwatch,Smartwatch,TV,screen,screen
Auxcable,Diskonkey,Earphone,Microphone,Phone,Speaker,Tablet,screen,screen
Auxcable,Diskonkey,Earphone,Microphone,Phone,Speaker,Tablet,screen,screen
Auxcable,Diskonkey,Earphone,Microphone,Phone,Speaker,Tablet,screen,screen
Auxcable,Diskonkey,Earphone,Microphone,Phone,Speaker,Tablet,screen,screen
Auxcable,Diskonkey,Earphone,Microphone,Phone,Speaker,Tablet,screen,screen
Auxcable,Diskonkey,Diskonkey,Hdmicable,Hdmicable,Hdmicable,Headphone,Mousepad,Smartwatch
Auxcable,Diskonkey,Diskonkey,Hdmicable,Hdmicable,Hdmicable,Headphone,Mousepad,Smartwatch
Auxcable,Diskonkey,Diskonkey,Hdmicable,Hdmicable,Hdmicable,Headphone,Mousepad,Smartwatch
Auxcable,Diskonkey,Diskonkey,Hdmicable,Hdmicable,Hdmicable,Headphone,Mousepad,Smartwatch
Auxcable,Diskonkey,Diskonkey,Hdmicable,Hdmicable,Hdmicable,Headphone,Mousepad,Smartwatch
Computer,Headphone,Tablet
Computer,Headphone,Tablet
Computer,Headphone,Tablet
Computer,Headphone,Tablet
Computer,Headphone,Tablet
Earphone,Hdmicable,Microphone,Phone
Earphone,Hdmicable,Microphone,Phone
Earphone,Hdmicable,Microphone,Phone
Earphone,Hdmicable,Microphone,Phone
Earphone,Hdmicable,Microphone,Phone
Computer,Earphone,Hdmicable,Mouse,Mousepad,Spliter,Spliter,TV,TV,screen
Computer,Earphone,Hdmicable,Mouse,Mousepad,Spliter,Spliter,TV,TV,screen
Computer,Earphone,Hdmicable,Mouse,Mousepad,Spliter,Spliter,TV,TV,screen
Computer,Earphone,Hdmicable,Mouse,Mousepad,Spliter,Spliter,TV,TV,screen
Computer,Earphone,Hdmicable,Mouse,Mousepad,Spliter,Spliter,TV,TV,screen
Earphone,Keyboard,Microphone,Mousepad,Phonecharger,Smartwatch,Spliter,TV,Xbox,screen
Earphone,Keyboard,Microphone,Mousepad,Phonecharger,Smartwatch,Spliter,TV,Xbox,screen
Earphone,Keyboard,Microphone,Mousepad,Phonecharger,Smartwatch,Spliter,TV,Xbox,screen
Earphone,Keyboard,Microphone,Mousepad,Phonecharger,Smartwatch,Spliter,TV,Xbox,screen
Earphone,Keyboard,Microphone,Mousepad,Phonecharger,Smartwatch,Spliter,TV,Xbox,screen
Auxcable,Diskonkey,Earphone,Headphone,Microphone,Phone,Phonecharger,screen
Auxcable,Diskonkey,Earphone,Headphone,Microphone,Phone,Phonecharger,screen
Auxcable,Diskonkey,Earphone,Headphone,Microphone,Phone,Phonecharger,screen
Auxcable,Diskonkey,Earphone,Headphone,Microphone,Phone,Phonecharger,screen
Auxcable,Diskonkey,Earphone,Headphone,Microphone,Phone,Phonecharger,screen
Earphone,Extender,Hdmicable,Keyboard,Keyboard,Mousepad,Phonecharger,Spliter,screen,screen
Earphone,Extender,Hdmicable,Keyboard,Keyboard,Mousepad,Phonecharger,Spliter,screen,screen
Earphone,Extender,Hdmicable,Keyboard,Keyboard,Mousepad,Phonecharger,Spliter,screen,screen
Earphone,Extender,Hdmicable,Keyboard,Keyboard,Mousepad,Phonecharger,Spliter,screen,screen
Earphone,Extender,Hdmicable,Keyboard,Keyboard,Mousepad,Phonecharger,Spliter,screen,screen
Microphone,Mousepad,Spliter,screen
Microphone,Mousepad,Spliter,screen
Microphone,Mousepad,Spliter,screen
Microphone,Mousepad,Spliter,screen
Microphone,Mousepad,Spliter,screen
Computer,Computer,Smartwatch,Speaker
Computer,Computer,Smartwatch,Speaker
Computer,Computer,Smartwatch,Speaker
Computer,Computer,Smartwatch,Speaker
Computer,Computer,Smartwatch,Speaker
Computer,Extender,Keyboard,Microphone
Computer,Extender,Keyboard,Microphone
Computer,Extender,Keyboard,Microphone
Computer,Extender,Keyboard,Microphone
Computer,Extender,Keyboard,Microphone
Computer,Earphone,Extender,Extender,Mouse,Phonecharger,Spliter,screen
Computer,Earphone,Extender,Extender,Mouse,Phonecharger,Spliter,screen
Computer,Earphone,Extender,Extender,Mouse,Phonecharger,Spliter,screen
Computer,Earphone,Extender,Extender,Mouse,Phonecharger,Spliter,screen
Computer,Earphone,Extender,Extender,Mouse,Phonecharger,Spliter,screen
Auxcable,Mousepad,TV,Tablet,Tablet,Xbox,screen
Auxcable,Mousepad,TV,Tablet,Tablet,Xbox,screen
Auxcable,Mousepad,TV,Tablet,Tablet,Xbox,screen
Auxcable,Mousepad,TV,Tablet,Tablet,Xbox,screen
Auxcable,Mousepad,TV,Tablet,Tablet,Xbox,screen
Auxcable,Phonecharger,screen
Auxcable,Phonecharger,screen
Auxcable,Phonecharger,screen
Auxcable,Phonecharger,screen
Auxcable,Phonecharger,screen
Auxcable,Extender,Phonecharger,Smartwatch,TV,screen
Auxcable,Extender,Phonecharger,Smartwatch,TV,screen
Auxcable,Extender,Phonecharger,Smartwatch,TV,screen
Auxcable,Extender,Phonecharger,Smartwatch,TV,screen
Auxcable,Extender,Phonecharger,Smartwatch,TV,screen
Earphone,Keyboard,Phonecharger,Phonecharger,Xbox
Earphone,Keyboard,Phonecharger,Phonecharger,Xbox
Earphone,Keyboard,Phonecharger,Phonecharger,Xbox
Earphone,Keyboard,Phonecharger,Phonecharger,Xbox
Earphone,Keyboard,Phonecharger,Phonecharger,Xbox
Tablet,Tablet,screen
Tablet,Tablet,screen
Tablet,Tablet,screen
Tablet,Tablet,screen
Tablet,Tablet,screen
Computer,Extender,Mousepad,Mousepad,Phone,Phone,Phonecharger,Phonecharger,Smartwatch,TV
Computer,Extender,Mousepad,Mousepad,Phone,Phone,Phonecharger,Phonecharger,Smartwatch,TV
Computer,Extender,Mousepad,Mousepad,Phone,Phone,Phonecharger,Phonecharger,Smartwatch,TV
Computer,Extender,Mousepad,Mousepad,Phone,Phone,Phonecharger,Phonecharger,Smartwatch,TV
Computer,Extender,Mousepad,Mousepad,Phone,Phone,Phonecharger,Phonecharger,Smartwatch,TV
Earphone,Hdmicable,Mousepad,Phone,Phone,Phonecharger,Phonecharger,Smartwatch
Earphone,Hdmicable,Mousepad,Phone,Phone,Phonecharger,Phonecharger,Smartwatch
Earphone,Hdmicable,Mousepad,Phone,Phone,Phonecharger,Phonecharger,Smartwatch
Earphone,Hdmicable,Mousepad,Phone,Phone,Phonecharger,Phonecharger,Smartwatch
Earphone,Hdmicable,Mousepad,Phone,Phone,Phonecharger,Phonecharger,Smartwatch
Computer,Hdmicable,Headphone,Mouse,Mousepad,Mousepad,Phone,Phonecharger,screen
Computer,Hdmicable,Headphone,Mouse,Mousepad,Mousepad,Phone,Phonecharger,screen
Computer,Hdmicable,Headphone,Mouse,Mousepad,Mousepad,Phone,Phonecharger,screen
Computer,Hdmicable,Headphone,Mouse,Mousepad,Mousepad,Phone,Phonecharger,screen
Computer,Hdmicable,Headphone,Mouse,Mousepad,Mousepad,Phone,Phonecharger,screen
Auxcable,Diskonkey,Earphone,Hdmicable,Microphone,Mouse,Spliter
Auxcable,Diskonkey,Earphone,Hdmicable,Microphone,Mouse,Spliter
Auxcable,Diskonkey,Earphone,Hdmicable,Microphone,Mouse,Spliter
Auxcable,Diskonkey,Earphone,Hdmicable,Microphone,Mouse,Spliter
Auxcable,Diskonkey,Earphone,Hdmicable,Microphone,Mouse,Spliter
Diskonkey,Extender,Microphone,Phonecharger,Smartwatch,Speaker,Tablet,Xbox
Diskonkey,Extender,Microphone,Phonecharger,Smartwatch,Speaker,Tablet,Xbox
Diskonkey,Extender,Microphone,Phonecharger,Smartwatch,Speaker,Tablet,Xbox
Diskonkey,Extender,Microphone,Phonecharger,Smartwatch,Speaker,Tablet,Xbox
Diskonkey,Extender,Microphone,Phonecharger,Smartwatch,Speaker,Tablet,Xbox
Auxcable
Auxcable
Auxcable
Auxcable
Auxcable
Mouse,Xbox
Mouse,Xbox
Mouse,Xbox
Mouse,Xbox
Mouse,Xbox
Auxcable,Computer,Computer,Diskonkey,Phonecharger,Smartwatch,Xbox
Auxcable,Computer,Computer,Diskonkey,Phonecharger,Smartwatch,Xbox
Auxcable,Computer,Computer,Diskonkey,Phonecharger,Smartwatch,Xbox
Auxcable,Computer,Computer,Diskonkey,Phonecharger,Smartwatch,Xbox
Auxcable,Computer,Computer,Diskonkey,Phonecharger,Smartwatch,Xbox
Extender,TV
Extender,TV
Extender,TV
Extender,TV
Extender,TV
Extender,Hdmicable,Headphone,Keyboard,Spliter
Extender,Hdmicable,Headphone,Keyboard,Spliter
Extender,Hdmicable,Headphone,Keyboard,Spliter
Extender,Hdmicable,Headphone,Keyboard,Spliter
Extender,Hdmicable,Headphone,Keyboard,Spliter
Auxcable,Microphone,Phone,Phone,TV,Xbox,screen
Auxcable,Microphone,Phone,Phone,TV,Xbox,screen
Auxcable,Microphone,Phone,Phone,TV,Xbox,screen
Auxcable,Microphone,Phone,Phone,TV,Xbox,screen
Auxcable,Microphone,Phone,Phone,TV,Xbox,screen
Auxcable,Computer,Earphone,Extender,Mousepad,Phonecharger,Smartwatch
Auxcable,Computer,Earphone,Extender,Mousepad,Phonecharger,Smartwatch
Auxcable,Computer,Earphone,Extender,Mousepad,Phonecharger,Smartwatch
Auxcable,Computer,Earphone,Extender,Mousepad,Phonecharger,Smartwatch
Auxcable,Computer,Earphone,Extender,Mousepad,Phonecharger,Smartwatch
Auxcable,Extender,Headphone,Tablet
Auxcable,Extender,Headphone,Tablet
Auxcable,Extender,Headphone,Tablet
Auxcable,Extender,Headphone,Tablet
Auxcable,Extender,Headphone,Tablet
Microphone,Phonecharger,Speaker,Spliter,TV
Microphone,Phonecharger,Speaker,Spliter,TV
Microphone,Phonecharger,Speaker,Spliter,TV
Microphone,Phonecharger,Speaker,Spliter,TV
Microphone,Phonecharger,Speaker,Spliter,TV
Auxcable,Keyboard,Smartwatch,Tablet
Auxcable,Keyboard,Smartwatch,Tablet
Auxcable,Keyboard,Smartwatch,Tablet
Auxcable,Keyboard,Smartwatch,Tablet
Auxcable,Keyboard,Smartwatch,Tablet
Diskonkey,Diskonkey,Earphone,Extender,Microphone,Mouse,Xbox
Diskonkey,Diskonkey,Earphone,Extender,Microphone,Mouse,Xbox
Diskonkey,Diskonkey,Earphone,Extender,Microphone,Mouse,Xbox
Diskonkey,Diskonkey,Earphone,Extender,Microphone,Mouse,Xbox
Diskonkey,Diskonkey,Earphone,Extender,Microphone,Mouse,Xbox
Extender,Hdmicable,Keyboard,Mousepad,Mousepad,Phone,Phone,TV,TV,screen
Extender,Hdmicable,Keyboard,Mousepad,Mousepad,Phone,Phone,TV,TV,screen
Extender,Hdmicable,Keyboard,Mousepad,Mousepad,Phone,Phone,TV,TV,screen
Extender,Hdmicable,Keyboard,Mousepad,Mousepad,Phone,Phone,TV,TV,screen
Extender,Hdmicable,Keyboard,Mousepad,Mousepad,Phone,Phone,TV,TV,screen
Auxcable,Phonecharger,Phonecharger,Speaker,TV,TV,Xbox,screen
Auxcable,Phonecharger,Phonecharger,Speaker,TV,TV,Xbox,screen
Auxcable,Phonecharger,Phonecharger,Speaker,TV,TV,Xbox,screen
Auxcable,Phonecharger,Phonecharger,Speaker,TV,TV,Xbox,screen
Auxcable,Phonecharger,Phonecharger,Speaker,TV,TV,Xbox,screen
Computer,Extender,Keyboard,Phone,Phone,Spliter,Tablet,Tablet,screen,screen
Computer,Extender,Keyboard,Phone,Phone,Spliter,Tablet,Tablet,screen,screen
Computer,Extender,Keyboard,Phone,Phone,Spliter,Tablet,Tablet,screen,screen
Computer,Extender,Keyboard,Phone,Phone,Spliter,Tablet,Tablet,screen,screen
Computer,Extender,Keyboard,Phone,Phone,Spliter,Tablet,Tablet,screen,screen
Keyboard,Speaker
Keyboard,Speaker
Keyboard,Speaker
Keyboard,Speaker
Keyboard,Speaker
Auxcable,Microphone,Mousepad,Phonecharger,Spliter,Tablet
Auxcable,Microphone,Mousepad,Phonecharger,Spliter,Tablet
Auxcable,Microphone,Mousepad,Phonecharger,Spliter,Tablet
Auxcable,Microphone,Mousepad,Phonecharger,Spliter,Tablet
Auxcable,Microphone,Mousepad,Phonecharger,Spliter,Tablet
Auxcable,Auxcable,Extender,Extender,Keyboard,Microphone,Speaker,Spliter,Tablet,screen
Auxcable,Auxcable,Extender,Extender,Keyboard,Microphone,Speaker,Spliter,Tablet,screen
Auxcable,Auxcable,Extender,Extender,Keyboard,Microphone,Speaker,Spliter,Tablet,screen
Auxcable,Auxcable,Extender,Extender,Keyboard,Microphone,Speaker,Spliter,Tablet,screen
Auxcable,Auxcable,Extender,Extender,Keyboard,Microphone,Speaker,Spliter,Tablet,screen
Mousepad,Phonecharger,Spliter
Mousepad,Phonecharger,Spliter
Mousepad,Phonecharger,Spliter
Mousepad,Phonecharger,Spliter
Mousepad,Phonecharger,Spliter
Auxcable,Diskonkey,Earphone,Hdmicable,Speaker,Spliter,Tablet
Auxcable,Diskonkey,Earphone,Hdmicable,Speaker,Spliter,Tablet
Auxcable,Diskonkey,Earphone,Hdmicable,Speaker,Spliter,Tablet
Auxcable,Diskonkey,Earphone,Hdmicable,Speaker,Spliter,Tablet
Auxcable,Diskonkey,Earphone,Hdmicable,Speaker,Spliter,Tablet
Phonecharger,Smartwatch,Speaker
Phonecharger,Smartwatch,Speaker
Phonecharger,Smartwatch,Speaker
Phonecharger,Smartwatch,Speaker
Phonecharger,Smartwatch,Speaker
Auxcable,Headphone,Microphone,Mouse,Mousepad,Spliter,TV
Auxcable,Headphone,Microphone,Mouse,Mousepad,Spliter,TV
Auxcable,Headphone,Microphone,Mouse,Mousepad,Spliter,TV
Auxcable,Headphone,Microphone,Mouse,Mousepad,Spliter,TV
Auxcable,Headphone,Microphone,Mouse,Mousepad,Spliter,TV
Auxcable,Auxcable,Diskonkey,Keyboard,Speaker
Auxcable,Auxcable,Diskonkey,Keyboard,Speaker
Auxcable,Auxcable,Diskonkey,Keyboard,Speaker
Auxcable,Auxcable,Diskonkey,Keyboard,Speaker
Auxcable,Auxcable,Diskonkey,Keyboard,Speaker
Auxcable,Headphone,Mouse,Phone,Spliter,screen
Auxcable,Headphone,Mouse,Phone,Spliter,screen
Auxcable,Headphone,Mouse,Phone,Spliter,screen
Auxcable,Headphone,Mouse,Phone,Spliter,screen
Auxcable,Headphone,Mouse,Phone,Spliter,screen
Phonecharger,Smartwatch,Speaker,Xbox,screen
Phonecharger,Smartwatch,Speaker,Xbox,screen
Phonecharger,Smartwatch,Speaker,Xbox,screen
Phonecharger,Smartwatch,Speaker,Xbox,screen
Phonecharger,Smartwatch,Speaker,Xbox,screen
Earphone,Phonecharger,Phonecharger
Earphone,Phonecharger,Phonecharger
Earphone,Phonecharger,Phonecharger
Earphone,Phonecharger,Phonecharger
Earphone,Phonecharger,Phonecharger
Diskonkey,Keyboard,Mouse,Mouse,Mousepad,Speaker,Spliter,TV,Xbox
Diskonkey,Keyboard,Mouse,Mouse,Mousepad,Speaker,Spliter,TV,Xbox
Diskonkey,Keyboard,Mouse,Mouse,Mousepad,Speaker,Spliter,TV,Xbox
Diskonkey,Keyboard,Mouse,Mouse,Mousepad,Speaker,Spliter,TV,Xbox
Diskonkey,Keyboard,Mouse,Mouse,Mousepad,Speaker,Spliter,TV,Xbox
Smartwatch
Smartwatch
Smartwatch
Smartwatch
Smartwatch
Diskonkey,Earphone,Hdmicable,Headphone,Keyboard,Keyboard,Microphone,Mouse,Tablet
Diskonkey,Earphone,Hdmicable,Headphone,Keyboard,Keyboard,Microphone,Mouse,Tablet
Diskonkey,Earphone,Hdmicable,Headphone,Keyboard,Keyboard,Microphone,Mouse,Tablet
Diskonkey,Earphone,Hdmicable,Headphone,Keyboard,Keyboard,Microphone,Mouse,Tablet
Diskonkey,Earphone,Hdmicable,Headphone,Keyboard,Keyboard,Microphone,Mouse,Tablet
Xbox
Xbox
Xbox
Xbox
Xbox
Diskonkey,Extender,Hdmicable,Mousepad,Spliter,TV,screen
Diskonkey,Extender,Hdmicable,Mousepad,Spliter,TV,screen
Diskonkey,Extender,Hdmicable,Mousepad,Spliter,TV,screen
Diskonkey,Extender,Hdmicable,Mousepad,Spliter,TV,screen
Diskonkey,Extender,Hdmicable,Mousepad,Spliter,TV,screen
Keyboard,Tablet
Keyboard,Tablet
Keyboard,Tablet
Keyboard,Tablet
Keyboard,Tablet
Tablet
Tablet
Tablet
Tablet
Tablet
Hdmicable,Mouse,Phone,TV
Hdmicable,Mouse,Phone,TV
Hdmicable,Mouse,Phone,TV
Hdmicable,Mouse,Phone,TV
Hdmicable,Mouse,Phone,TV
Auxcable,Diskonkey,Earphone,Extender,Hdmicable,Phonecharger
Auxcable,Diskonkey,Earphone,Extender,Hdmicable,Phonecharger
Auxcable,Diskonkey,Earphone,Extender,Hdmicable,Phonecharger
Auxcable,Diskonkey,Earphone,Extender,Hdmicable,Phonecharger
Auxcable,Diskonkey,Earphone,Extender,Hdmicable,Phonecharger
Computer,Earphone,Extender,Hdmicable,Microphone
Computer,Earphone,Extender,Hdmicable,Microphone
Computer,Earphone,Extender,Hdmicable,Microphone
Computer,Earphone,Extender,Hdmicable,Microphone
Computer,Earphone,Extender,Hdmicable,Microphone
Auxcable,Auxcable,Computer,Extender,Mouse,Mousepad,Phone,Phonecharger
Auxcable,Auxcable,Computer,Extender,Mouse,Mousepad,Phone,Phonecharger
Auxcable,Auxcable,Computer,Extender,Mouse,Mousepad,Phone,Phonecharger
Auxcable,Auxcable,Computer,Extender,Mouse,Mousepad,Phone,Phonecharger
Auxcable,Auxcable,Computer,Extender,Mouse,Mousepad,Phone,Phonecharger
Auxcable,Mouse
Auxcable,Mouse
Auxcable,Mouse
Auxcable,Mouse
Auxcable,Mouse
Keyboard,Microphone,Mousepad,Spliter,TV,screen
Keyboard,Microphone,Mousepad,Spliter,TV,screen
Keyboard,Microphone,Mousepad,Spliter,TV,screen
Keyboard,Microphone,Mousepad,Spliter,TV,screen
Keyboard,Microphone,Mousepad,Spliter,TV,screen
Extender,Mouse,Speaker
Extender,Mouse,Speaker
Extender,Mouse,Speaker
Extender,Mouse,Speaker
Extender,Mouse,Speaker
screen
screen
screen
screen
screen
Diskonkey,Microphone,Mouse,Mousepad,Spliter,screen
Diskonkey,Microphone,Mouse,Mousepad,Spliter,screen
Diskonkey,Microphone,Mouse,Mousepad,Spliter,screen
Diskonkey,Microphone,Mouse,Mousepad,Spliter,screen
Diskonkey,Microphone,Mouse,Mousepad,Spliter,screen
Hdmicable,Phonecharger,Tablet,Tablet
Hdmicable,Phonecharger,Tablet,Tablet
Hdmicable,Phonecharger,Tablet,Tablet
Hdmicable,Phonecharger,Tablet,Tablet
Hdmicable,Phonecharger,Tablet,Tablet
Hdmicable,Headphone,Mouse,Mouse,Mouse,Mouse,Phone,Spliter,Xbox
Hdmicable,Headphone,Mouse,Mouse,Mouse,Mouse,Phone,Spliter,Xbox
Hdmicable,Headphone,Mouse,Mouse,Mouse,Mouse,Phone,Spliter,Xbox
Hdmicable,Headphone,Mouse,Mouse,Mouse,Mouse,Phone,Spliter,Xbox
Hdmicable,Headphone,Mouse,Mouse,Mouse,Mouse,Phone,Spliter,Xbox
Extender,Smartwatch
Extender,Smartwatch
Extender,Smartwatch
Extender,Smartwatch
Extender,Smartwatch
Auxcable,Diskonkey,Earphone,Hdmicable,Headphone,Mouse,Phonecharger,Phonecharger,Speaker,Tablet
Auxcable,Diskonkey,Earphone,Hdmicable,Headphone,Mouse,Phonecharger,Phonecharger,Speaker,Tablet
Auxcable,Diskonkey,Earphone,Hdmicable,Headphone,Mouse,Phonecharger,Phonecharger,Speaker,Tablet
Auxcable,Diskonkey,Earphone,Hdmicable,Headphone,Mouse,Phonecharger,Phonecharger,Speaker,Tablet
Auxcable,Diskonkey,Earphone,Hdmicable,Headphone,Mouse,Phonecharger,Phonecharger,Speaker,Tablet
Auxcable,Speaker,screen
Auxcable,Speaker,screen
Auxcable,Speaker,screen
Auxcable,Speaker,screen
Auxcable,Speaker,screen
Computer,Diskonkey,Earphone,Extender,Headphone
Computer,Diskonkey,Earphone,Extender,Headphone
Computer,Diskonkey,Earphone,Extender,Headphone
Computer,Diskonkey,Earphone,Extender,Headphone
Computer,Diskonkey,Earphone,Extender,Headphone
Auxcable,Hdmicable,Mouse,Mousepad
Auxcable,Hdmicable,Mouse,Mousepad
Auxcable,Hdmicable,Mouse,Mousepad
Auxcable,Hdmicable,Mouse,Mousepad
Auxcable,Hdmicable,Mouse,Mousepad
Auxcable,Keyboard,Keyboard,Phonecharger,Speaker,TV,Xbox
Auxcable,Keyboard,Keyboard,Phonecharger,Speaker,TV,Xbox
Auxcable,Keyboard,Keyboard,Phonecharger,Speaker,TV,Xbox
Auxcable,Keyboard,Keyboard,Phonecharger,Speaker,TV,Xbox
Auxcable,Keyboard,Keyboard,Phonecharger,Speaker,TV,Xbox
TV,screen,screen
TV,screen,screen
TV,screen,screen
TV,screen,screen
TV,screen,screen
Headphone,Headphone,Keyboard,Microphone,Mouse,Mousepad,Phone,Speaker
Headphone,Headphone,Keyboard,Microphone,Mouse,Mousepad,Phone,Speaker
Headphone,Headphone,Keyboard,Microphone,Mouse,Mousepad,Phone,Speaker
Headphone,Headphone,Keyboard,Microphone,Mouse,Mousepad,Phone,Speaker
Headphone,Headphone,Keyboard,Microphone,Mouse,Mousepad,Phone,Speaker
Auxcable,Auxcable,Computer,Computer,Computer,Hdmicable,Keyboard,Microphone,Tablet,Xbox
Auxcable,Auxcable,Computer,Computer,Computer,Hdmicable,Keyboard,Microphone,Tablet,Xbox
Auxcable,Auxcable,Computer,Computer,Computer,Hdmicable,Keyboard,Microphone,Tablet,Xbox
Auxcable,Auxcable,Computer,Computer,Computer,Hdmicable,Keyboard,Microphone,Tablet,Xbox
Auxcable,Auxcable,Computer,Computer,Computer,Hdmicable,Keyboard,Microphone,Tablet,Xbox
Diskonkey,Hdmicable,Keyboard,Microphone,Mouse,Smartwatch,Tablet,screen
Diskonkey,Hdmicable,Keyboard,Microphone,Mouse,Smartwatch,Tablet,screen
Diskonkey,Hdmicable,Keyboard,Microphone,Mouse,Smartwatch,Tablet,screen
Diskonkey,Hdmicable,Keyboard,Microphone,Mouse,Smartwatch,Tablet,screen
Diskonkey,Hdmicable,Keyboard,Microphone,Mouse,Smartwatch,Tablet,screen
Headphone,Keyboard,Phonecharger,Spliter,Xbox,Xbox,screen
Headphone,Keyboard,Phonecharger,Spliter,Xbox,Xbox,screen
Headphone,Keyboard,Phonecharger,Spliter,Xbox,Xbox,screen
Headphone,Keyboard,Phonecharger,Spliter,Xbox,Xbox,screen
Headphone,Keyboard,Phonecharger,Spliter,Xbox,Xbox,screen
Earphone,Headphone,Phone,Smartwatch,Spliter,Spliter
Earphone,Headphone,Phone,Smartwatch,Spliter,Spliter
Earphone,Headphone,Phone,Smartwatch,Spliter,Spliter
Earphone,Headphone,Phone,Smartwatch,Spliter,Spliter
Earphone,Headphone,Phone,Smartwatch,Spliter,Spliter
Auxcable,Computer,Earphone,Extender,Extender,Keyboard,Mouse,Speaker,TV,TV
Auxcable,Computer,Earphone,Extender,Extender,Keyboard,Mouse,Speaker,TV,TV
Auxcable,Computer,Earphone,Extender,Extender,Keyboard,Mouse,Speaker,TV,TV
Auxcable,Computer,Earphone,Extender,Extender,Keyboard,Mouse,Speaker,TV,TV
Auxcable,Computer,Earphone,Extender,Extender,Keyboard,Mouse,Speaker,TV,TV
Extender,Extender,Hdmicable,Headphone,Phonecharger,Speaker,Spliter,TV,Tablet,screen
Extender,Extender,Hdmicable,Headphone,Phonecharger,Speaker,Spliter,TV,Tablet,screen
Extender,Extender,Hdmicable,Headphone,Phonecharger,Speaker,Spliter,TV,Tablet,screen
Extender,Extender,Hdmicable,Headphone,Phonecharger,Speaker,Spliter,TV,Tablet,screen
Extender,Extender,Hdmicable,Headphone,Phonecharger,Speaker,Spliter,TV,Tablet,screen
Earphone,Earphone,Hdmicable,Keyboard,Microphone,Speaker,Spliter,screen,screen,screen
Earphone,Earphone,Hdmicable,Keyboard,Microphone,Speaker,Spliter,screen,screen,screen
Earphone,Earphone,Hdmicable,Keyboard,Microphone,Speaker,Spliter,screen,screen,screen
Earphone,Earphone,Hdmicable,Keyboard,Microphone,Speaker,Spliter,screen,screen,screen
Earphone,Earphone,Hdmicable,Keyboard,Microphone,Speaker,Spliter,screen,screen,screen
Auxcable,Headphone,Headphone,Phonecharger,Phonecharger,Spliter,screen
Auxcable,Headphone,Headphone,Phonecharger,Phonecharger,Spliter,screen
Auxcable,Headphone,Headphone,Phonecharger,Phonecharger,Spliter,screen
Auxcable,Headphone,Headphone,Phonecharger,Phonecharger,Spliter,screen
Auxcable,Headphone,Headphone,Phonecharger,Phonecharger,Spliter,screen
Earphone,Keyboard,Keyboard,Microphone,Speaker,Tablet,screen
Earphone,Keyboard,Keyboard,Microphone,Speaker,Tablet,screen
Earphone,Keyboard,Keyboard,Microphone,Speaker,Tablet,screen
Earphone,Keyboard,Keyboard,Microphone,Speaker,Tablet,screen
Earphone,Keyboard,Keyboard,Microphone,Speaker,Tablet,screen
Headphone,Microphone,Tablet
Headphone,Microphone,Tablet
Headphone,Microphone,Tablet
Headphone,Microphone,Tablet
Headphone,Microphone,Tablet
Computer,Mousepad,Tablet
Computer,Mousepad,Tablet
Computer,Mousepad,Tablet
Computer,Mousepad,Tablet
Computer,Mousepad,Tablet
Computer,Earphone,Headphone,Phone,Phonecharger,Smartwatch,TV,Tablet,screen,screen
Computer,Earphone,Headphone,Phone,Phonecharger,Smartwatch,TV,Tablet,screen,screen
Computer,Earphone,Headphone,Phone,Phonecharger,Smartwatch,TV,Tablet,screen,screen
Computer,Earphone,Headphone,Phone,Phonecharger,Smartwatch,TV,Tablet,screen,screen
Computer,Earphone,Headphone,Phone,Phonecharger,Smartwatch,TV,Tablet,screen,screen
Diskonkey,Diskonkey,Microphone,Mousepad,Phone,Tablet,screen,screen
Diskonkey,Diskonkey,Microphone,Mousepad,Phone,Tablet,screen,screen
Diskonkey,Diskonkey,Microphone,Mousepad,Phone,Tablet,screen,screen
Diskonkey,Diskonkey,Microphone,Mousepad,Phone,Tablet,screen,screen
Diskonkey,Diskonkey,Microphone,Mousepad,Phone,Tablet,screen,screen
Hdmicable,Hdmicable,Mouse,Tablet,Tablet,Tablet,Xbox
Hdmicable,Hdmicable,Mouse,Tablet,Tablet,Tablet,Xbox
Hdmicable,Hdmicable,Mouse,Tablet,Tablet,Tablet,Xbox
Hdmicable,Hdmicable,Mouse,Tablet,Tablet,Tablet,Xbox
Hdmicable,Hdmicable,Mouse,Tablet,Tablet,Tablet,Xbox
Computer,Earphone,Hdmicable,Keyboard,Mousepad,Smartwatch
Computer,Earphone,Hdmicable,Keyboard,Mousepad,Smartwatch
Computer,Earphone,Hdmicable,Keyboard,Mousepad,Smartwatch
Computer,Earphone,Hdmicable,Keyboard,Mousepad,Smartwatch
Computer,Earphone,Hdmicable,Keyboard,Mousepad,Smartwatch
Keyboard
Keyboard
Keyboard
Keyboard
Keyboard
Auxcable,Auxcable,Headphone,Keyboard,Phonecharger,Phonecharger,Speaker,TV,Tablet
Auxcable,Auxcable,Headphone,Keyboard,Phonecharger,Phonecharger,Speaker,TV,Tablet
Auxcable,Auxcable,Headphone,Keyboard,Phonecharger,Phonecharger,Speaker,TV,Tablet
Auxcable,Auxcable,Headphone,Keyboard,Phonecharger,Phonecharger,Speaker,TV,Tablet
Auxcable,Auxcable,Headphone,Keyboard,Phonecharger,Phonecharger,Speaker,TV,Tablet
Phone,Phonecharger
Phone,Phonecharger
Phone,Phonecharger
Phone,Phonecharger
Phone,Phonecharger
Extender,Microphone,TV,Xbox
Extender,Microphone,TV,Xbox
Extender,Microphone,TV,Xbox
Extender,Microphone,TV,Xbox
Extender,Microphone,TV,Xbox
Auxcable,Headphone
Auxcable,Headphone
Auxcable,Headphone
Auxcable,Headphone
Auxcable,Headphone
Auxcable,Computer,Extender,Keyboard,Microphone,Mousepad,Phone,Phonecharger,Spliter,screen
Auxcable,Computer,Extender,Keyboard,Microphone,Mousepad,Phone,Phonecharger,Spliter,screen
Auxcable,Computer,Extender,Keyboard,Microphone,Mousepad,Phone,Phonecharger,Spliter,screen
Auxcable,Computer,Extender,Keyboard,Microphone,Mousepad,Phone,Phonecharger,Spliter,screen
Auxcable,Computer,Extender,Keyboard,Microphone,Mousepad,Phone,Phonecharger,Spliter,screen
Diskonkey,Earphone,Hdmicable,Mousepad,Phone,Phone,Tablet
Diskonkey,Earphone,Hdmicable,Mousepad,Phone,Phone,Tablet
Diskonkey,Earphone,Hdmicable,Mousepad,Phone,Phone,Tablet
Diskonkey,Earphone,Hdmicable,Mousepad,Phone,Phone,Tablet
Diskonkey,Earphone,Hdmicable,Mousepad,Phone,Phone,Tablet
Auxcable,Computer,Diskonkey,Hdmicable,Mousepad,Spliter,Spliter,TV,Xbox,Xbox
Auxcable,Computer,Diskonkey,Hdmicable,Mousepad,Spliter,Spliter,TV,Xbox,Xbox
Auxcable,Computer,Diskonkey,Hdmicable,Mousepad,Spliter,Spliter,TV,Xbox,Xbox
Auxcable,Computer,Diskonkey,Hdmicable,Mousepad,Spliter,Spliter,TV,Xbox,Xbox
Auxcable,Computer,Diskonkey,Hdmicable,Mousepad,Spliter,Spliter,TV,Xbox,Xbox
Smartwatch
Smartwatch
Smartwatch
Smartwatch
Smartwatch
Auxcable,Computer,Mousepad,Phonecharger,screen
Auxcable,Computer,Mousepad,Phonecharger,screen
Auxcable,Computer,Mousepad,Phonecharger,screen
Auxcable,Computer,Mousepad,Phonecharger,screen
Auxcable,Computer,Mousepad,Phonecharger,screen
Microphone,Microphone,Spliter,TV,Tablet,Xbox
Microphone,Microphone,Spliter,TV,Tablet,Xbox
Microphone,Microphone,Spliter,TV,Tablet,Xbox
Microphone,Microphone,Spliter,TV,Tablet,Xbox
Microphone,Microphone,Spliter,TV,Tablet,Xbox
Extender,Extender,Phonecharger,Spliter,TV,TV,Xbox,screen
Extender,Extender,Phonecharger,Spliter,TV,TV,Xbox,screen
Extender,Extender,Phonecharger,Spliter,TV,TV,Xbox,screen
Extender,Extender,Phonecharger,Spliter,TV,TV,Xbox,screen
Extender,Extender,Phonecharger,Spliter,TV,TV,Xbox,screen